Date,CPI_actual,Unemployemnt Rate,1-Year T-Bill Rate,10-Year T-Bill Rate,PMI_Actual,CPI_Forecast_of_this_month,Gold_Return_this_month,Gold_Vol_this_month,CPI_Forecast_next_month,Target_Return,Target_Vol,Target_Month
1991-01-01,5.65,6.4,6.644285714285714,8.091904761904763,39.2,5.65,-0.05988177846312,0.0190842246017254,5.31,0.0035509423654737,0.0082258743876745,2.0
1991-02-01,5.31,6.6,6.266842105263159,7.854736842105264,39.4,5.31,0.0035509423654737,0.0082258743876745,4.82,-0.0269754768392369,0.0053997726269602,3.0
1991-03-01,4.9,6.8,6.396,8.11,40.7,4.82,-0.0269754768392369,0.0053997726269602,4.81,-0.0124861265260821,0.0054212679097353,4.0
1991-04-01,4.89,6.7,6.23590909090909,8.039090909090909,42.8,4.81,-0.0124861265260821,0.0054212679097353,5.03,0.0151685393258426,0.005989710694842,5.0
1991-05-01,4.95,6.9,6.130454545454546,8.067727272727273,44.5,5.03,0.0151685393258426,0.005989710694842,4.7,0.0140495867768595,0.0063870515402945,6.0
1991-06-01,4.7,6.9,6.3585,8.284,50.3,4.7,0.0140495867768595,0.0063870515402945,4.37,-0.0124932102118412,0.0043362973586976,7.0
1991-07-01,4.45,6.8,6.305454545454546,8.272727272727273,50.6,4.37,-0.0124932102118412,0.0043362973586976,3.8,-0.0415748898678413,0.0058432174192604,8.0
1991-08-01,3.8,6.9,5.778181818181818,7.9,52.9,3.8,-0.0415748898678413,0.0058432174192604,3.4,0.016365202411714,0.0063837075312849,9.0
1991-09-01,3.39,6.9,5.5725,7.65,54.9,3.4,0.016365202411714,0.0063837075312849,2.85,0.0110107284020328,0.003667122895189,10.0
1991-10-01,2.92,7.0,5.333636363636364,7.527272727272727,53.1,2.85,0.0110107284020328,0.003667122895189,3.07,0.0345894263217096,0.0053704678850481,11.0
1991-11-01,2.99,7.0,4.889473684210526,7.417368421052632,49.5,3.07,0.0345894263217096,0.0053704678850481,2.98,-0.0351498637602179,0.0070881092353662,12.0
1991-12-01,3.06,7.3,4.378095238095238,7.088571428571429,46.8,2.98,-0.0351498637602179,0.0070881092353662,2.67,0.0139165009940357,0.0064669508873091,1.0
1992-01-01,2.6,7.3,4.150952380952381,7.032380952380953,47.3,2.67,0.0139165009940357,0.0064669508873091,2.82,-0.0103728623493131,0.0041844244463904,2.0
1992-02-01,2.82,7.4,4.287368421052631,7.337894736842105,52.7,2.82,-0.0103728623493131,0.0041844244463904,3.19,-0.0219123505976095,0.0046134562186131,3.0
1992-03-01,3.19,7.4,4.634545454545454,7.542272727272728,54.6,3.19,-0.0219123505976095,0.0046134562186131,3.18,-0.0154564012831728,0.0050272103057438,4.0
1992-04-01,3.18,7.4,4.299047619047619,7.480476190476191,52.6,3.18,-0.0154564012831728,0.0050272103057438,3.02,-0.0076696165191741,0.0031485121586121,5.0
1992-05-01,3.02,7.6,4.189500000000001,7.392,55.7,3.02,-0.0076696165191741,0.0031485121586121,3.01,0.0156897572528123,0.0038291874814137,6.0
1992-06-01,3.09,7.8,4.165909090909091,7.261818181818182,53.6,3.01,0.0156897572528123,0.0038291874814137,3.16,0.0380482137670635,0.0046244414266364,7.0
1992-07-01,3.16,7.7,3.5959090909090907,6.844545454545455,53.9,3.16,0.0380482137670635,0.0046244414266364,3.07,-0.0280771412365287,0.0086209792557894,8.0
1992-08-01,3.15,7.6,3.471904761904762,6.585714285714286,53.4,3.07,-0.0280771412365287,0.0086209792557894,2.99,0.0205399061032863,0.00635343226146,9.0
1992-09-01,2.99,7.6,3.1842857142857146,6.415238095238095,49.7,2.99,0.0205399061032863,0.00635343226146,3.28,-0.0233093525179856,0.0051720136979266,10.0
1992-10-01,3.2,7.3,3.302380952380952,6.589047619047619,50.3,3.28,-0.0233093525179856,0.0051720136979266,3.12,-0.016475433951162,0.00428864559448,11.0
1992-11-01,3.05,7.4,3.682105263157895,6.873157894736842,53.6,3.12,-0.016475433951162,0.00428864559448,2.97,-0.0068636227991644,0.0038615372114318,12.0
1992-12-01,2.9,7.4,3.711363636363637,6.77,54.2,2.97,-0.0068636227991644,0.0038615372114318,3.25,0.0064004876562022,0.0044349933795836,1.0
1993-01-01,3.26,7.3,3.4963157894736847,6.6000000000000005,55.8,3.25,0.0064004876562022,0.0044349933795836,3.25,-0.0057523463518014,0.0054673002920449,2.0
1993-02-01,3.25,7.1,3.3857894736842105,6.258947368421053,55.2,3.25,-0.0057523463518014,0.0054673002920449,3.02,0.0273889227023737,0.0040380819845054,3.0
1993-03-01,3.09,7.0,3.3330434782608696,5.975217391304348,53.5,3.02,0.0273889227023737,0.0040380819845054,3.16,0.0525538824918807,0.0068555289874581,4.0
1993-04-01,3.23,7.1,3.244285714285714,5.9695238095238095,50.2,3.16,0.0525538824918807,0.0068555289874581,3.22,0.0674379232505644,0.0095674734210213,5.0
1993-05-01,3.22,7.1,3.3635,6.0355,51.2,3.22,0.0674379232505644,0.0095674734210213,3.0,0.0240866035182678,0.0085587748708884,6.0
1993-06-01,3.0,7.0,3.536363636363636,5.962727272727273,49.6,3.0,0.0240866035182678,0.0085587748708884,2.85,0.050593701600413,0.0096378332608998,7.0
1993-07-01,2.78,6.9,3.4747619047619045,5.805238095238095,50.2,2.85,0.050593701600413,0.0096378332608998,2.84,-0.0810544469081054,0.0144981957477177,8.0
1993-08-01,2.77,6.8,3.443636363636364,5.677727272727273,50.7,2.84,-0.0810544469081054,0.0144981957477177,2.76,-0.0400108137334413,0.015138901069058,9.0
1993-09-01,2.69,6.7,3.356190476190476,5.36,50.8,2.76,-0.0400108137334413,0.015138901069058,2.75,0.0385915492957746,0.0064559427042423,10.0
1993-10-01,2.75,6.8,3.3920000000000003,5.334,53.4,2.75,0.0385915492957746,0.0064559427042423,2.74,0.0238095238095238,0.0091885504027664,11.0
1993-11-01,2.68,6.6,3.579,5.724,53.8,2.74,0.0238095238095238,0.0091885504027664,2.81,0.0426894343649946,0.0059556333934312,12.0
1993-12-01,2.75,6.5,3.607272727272728,5.774090909090909,55.6,2.81,0.0426894343649946,0.0059556333934312,2.45,-0.0307340614681228,0.0082501457329586,1.0
1994-01-01,2.52,6.6,3.5424999999999995,5.750500000000001,56.0,2.45,-0.0307340614681228,0.0082501457329586,2.52,-0.0070294194220256,0.0072127099335073,2.0
1994-02-01,2.52,6.6,3.865789473684211,5.9731578947368416,56.5,2.52,-0.0070294194220256,0.0072127099335073,2.65,0.035685963521015,0.007939048376464,3.0
1994-03-01,2.51,6.5,4.3191304347826085,6.482608695652174,56.9,2.65,0.035685963521015,0.007939048376464,2.36,-0.0251100181206316,0.0065529656176565,4.0
1994-04-01,2.36,6.4,4.815789473684211,6.972105263157895,57.4,2.36,-0.0251100181206316,0.0065529656176565,2.29,0.0289739500265816,0.0081052813927858,5.0
1994-05-01,2.29,6.1,5.314285714285714,7.183333333333333,58.2,2.29,0.0289739500265816,0.0081052813927858,2.49,0.0059973924380704,0.0076298642712295,6.0
1994-06-01,2.49,6.1,5.267272727272727,7.101363636363636,58.8,2.49,0.0059973924380704,0.0076298642712295,2.7,-0.0095681406775277,0.0042147376592706,7.0
1994-07-01,2.77,6.1,5.4765,7.298,58.5,2.7,-0.0095681406775277,0.0042147376592706,2.9,0.0080897703549061,0.0048190924546563,8.0
1994-08-01,2.9,6.0,5.562173913043478,7.236086956521739,58.0,2.9,0.0080897703549061,0.0048190924546563,2.97,0.0188679245283019,0.0043172581484905,9.0
1994-09-01,2.96,5.9,5.762857142857143,7.457142857142857,59.0,2.97,0.0188679245283019,0.0043172581484905,2.61,-0.0286220871327254,0.0038000871814187,10.0
1994-10-01,2.61,5.8,6.1145,7.744,59.4,2.61,-0.0286220871327254,0.0038000871814187,2.6,-0.009367681498829,0.0029026515675479,11.0
1994-11-01,2.67,5.6,6.540000000000001,7.955,59.2,2.6,-0.009367681498829,0.0029026515675479,2.6,0.0118858954041204,0.0035206037587334,12.0
1994-12-01,2.67,5.5,7.136190476190476,7.813809523809524,56.1,2.6,0.0118858954041204,0.0035206037587334,2.87,-0.0110642781875659,0.007244969034094,1.0
1995-01-01,2.8,5.6,7.0505,7.7795,57.4,2.87,-0.0110642781875659,0.007244969034094,2.86,0.0005309264666843,0.0027024729701438,2.0
1995-02-01,2.86,5.4,6.6968421052631575,7.469473684210525,55.1,2.86,0.0005309264666843,0.0027024729701438,2.79,0.0464247598719316,0.0060864495092716,3.0
1995-03-01,2.85,5.4,6.431739130434783,7.204782608695653,52.1,2.79,0.0464247598719316,0.0060864495092716,3.13,-0.014514896867838,0.0047737048689069,4.0
1995-04-01,3.05,5.8,6.265789473684211,7.062631578947368,51.5,3.13,-0.014514896867838,0.0047737048689069,3.12,-0.0082410507339685,0.0042627908565279,5.0
1995-05-01,3.19,5.6,5.997727272727272,6.632727272727274,46.7,3.12,-0.0082410507339685,0.0042627908565279,3.04,0.2471502590673574,0.0509911234143127,6.0
1995-06-01,3.04,5.6,5.642272727272727,6.168181818181818,45.9,3.04,0.2471502590673574,0.0509911234143127,2.83,-0.0049916805324459,0.0041539769343511,7.0
1995-07-01,2.76,5.7,5.593999999999999,6.2780000000000005,50.7,2.83,-0.0049916805324459,0.0041539769343511,2.62,-0.0081436625600333,0.0029834491326703,8.0
1995-08-01,2.62,5.7,5.752608695652174,6.488260869565217,47.1,2.62,-0.0081436625600333,0.0029834491326703,2.55,-0.0084745762711864,0.0028101787351168,9.0
1995-09-01,2.54,5.6,5.62,6.1975,48.1,2.55,-0.0084745762711864,0.0028101787351168,2.74,-0.0117949817713918,0.002123013891062,10.0
1995-10-01,2.81,5.5,5.590476190476191,6.044761904761905,46.7,2.74,-0.0117949817713918,0.002123013891062,2.6,-0.0117698343504795,0.004399352048859,11.0
1995-11-01,2.61,5.6,5.432857142857143,5.93047619047619,45.9,2.6,-0.0117698343504795,0.004399352048859,2.53,-0.01326553172673,0.0021890046352306,12.0
1995-12-01,2.54,5.6,5.307,5.7115,46.2,2.53,-0.01326553172673,0.0021890046352306,2.79,0.0015586729013582,0.0051436206377977,1.0
1996-01-01,2.73,5.6,5.087619047619048,5.652380952380953,45.5,2.79,0.0015586729013582,0.0051436206377977,2.72,0.0059314586994727,0.0070796813489028,2.0
1996-02-01,2.65,5.5,4.942,5.8055,45.9,2.72,0.0059314586994727,0.0070796813489028,2.84,0.0059106830122591,0.0058630263653519,3.0
1996-03-01,2.84,5.5,5.342380952380952,6.268571428571428,46.9,2.84,0.0059106830122591,0.0058630263653519,2.83,-0.0093722755013077,0.0051088475501451,4.0
1996-04-01,2.9,5.6,5.537727272727273,6.511363636363637,49.3,2.83,-0.0093722755013077,0.0051088475501451,2.83,0.0102979842243646,0.0035743255419162,5.0
1996-05-01,2.89,5.6,5.636818181818182,6.736818181818182,49.1,2.83,0.0102979842243646,0.0035743255419162,2.82,-0.0384531827069302,0.0027982363358081,6.0
1996-06-01,2.75,5.3,5.8100000000000005,6.912000000000001,53.6,2.82,-0.0384531827069302,0.0027982363358081,2.88,0.0200585981519045,0.0028933556060524,7.0
1996-07-01,2.95,5.5,5.850909090909091,6.865454545454545,49.7,2.88,0.0200585981519045,0.0028933556060524,2.81,0.0026708212775428,0.0026868111474047,8.0
1996-08-01,2.88,5.1,5.666818181818182,6.635454545454545,51.6,2.81,0.0026708212775428,0.0026868111474047,3.0,-0.0306871247498332,0.0024437632924485,9.0
1996-09-01,3.0,5.2,5.833,6.832000000000001,51.1,3.0,-0.0306871247498332,0.0024437632924485,3.06,-0.0114678899082568,0.0033602100428265,10.0
1996-10-01,2.99,5.2,5.55,6.533636363636364,50.5,3.06,-0.0114678899082568,0.0033602100428265,3.25,-0.0169412856811324,0.0032155908441532,11.0
1996-11-01,3.26,5.4,5.423157894736843,6.203684210526316,53.0,3.25,-0.0169412856811324,0.0032155908441532,3.38,0.0021469465648855,0.003354993390011,12.0
1996-12-01,3.32,5.4,5.471904761904762,6.302380952380952,55.2,3.38,0.0021469465648855,0.003354993390011,3.04,-0.0564728403924383,0.0073323933569092,1.0
1997-01-01,3.04,5.3,5.612380952380953,6.579047619047619,53.8,3.04,-0.0564728403924383,0.0073323933569092,3.03,0.0431056213763549,0.0064727855140754,2.0
1997-02-01,3.03,5.2,5.525263157894737,6.419473684210526,53.1,3.03,0.0431056213763549,0.0064727855140754,2.77,-0.0176926805622879,0.0072143680732296,3.0
1997-03-01,2.76,5.2,5.7955,6.6945,53.8,2.77,-0.0176926805622879,0.0072143680732296,2.43,-0.0384331116038432,0.0041802075359606,4.0
1997-04-01,2.5,5.1,5.988181818181818,6.885454545454545,53.7,2.43,-0.0384331116038432,0.0041802075359606,2.24,0.0089605734767025,0.0054538431458987,5.0
1997-05-01,2.23,4.9,5.86952380952381,6.710952380952381,56.1,2.24,0.0089605734767025,0.0054538431458987,2.23,-0.0361507128309572,0.0050698926072667,6.0
1997-06-01,2.3,5.0,5.691904761904762,6.493809523809524,54.9,2.23,-0.0361507128309572,0.0050698926072667,2.17,-0.0379008746355685,0.0097174096469267,7.0
1997-07-01,2.23,4.9,5.541818181818182,6.220454545454545,57.7,2.17,-0.0379008746355685,0.0097174096469267,2.29,-0.0068681318681318,0.0074242674058851,8.0
1997-08-01,2.23,4.8,5.564761904761904,6.298571428571429,56.3,2.29,-0.0068681318681318,0.0074242674058851,2.22,0.0227841066963046,0.0056498850736019,9.0
1997-09-01,2.15,4.9,5.523809523809524,6.208571428571428,53.9,2.22,0.0227841066963046,0.0056498850736019,2.09,-0.0666302566903331,0.0123513232489328,10.0
1997-10-01,2.08,4.7,5.456363636363637,6.029545454545455,56.4,2.09,-0.0666302566903331,0.0123513232489328,1.89,-0.0476190476190475,0.006776502677695,11.0
1997-11-01,1.83,4.6,5.457222222222223,5.875,55.7,1.89,-0.0476190476190475,0.006776502677695,1.7,-0.0212373037857801,0.0093082374190252,12.0
1997-12-01,1.7,4.7,5.525,5.808636363636364,54.5,1.7,-0.0212373037857801,0.0093082374190252,1.63,0.0337220296249605,0.0129053453402968,1.0
1998-01-01,1.57,4.6,5.2445,5.5445,53.8,1.63,0.0337220296249605,0.0129053453402968,1.44,-0.0157958687727824,0.0088574650634873,2.0
1998-02-01,1.44,4.6,5.308421052631579,5.574736842105263,52.9,1.44,-0.0157958687727824,0.0088574650634873,1.38,0.0043130006161428,0.0065304512267346,3.0
1998-03-01,1.38,4.7,5.389545454545455,5.647272727272727,52.9,1.38,0.0043130006161428,0.0065304512267346,1.44,0.0211904019943908,0.0078552892659353,4.0
1998-04-01,1.44,4.3,5.379047619047619,5.637619047619047,52.2,1.44,0.0211904019943908,0.0078552892659353,1.69,-0.0334676169817168,0.0061104853071503,5.0
1998-05-01,1.69,4.4,5.44,5.6525,50.9,1.69,-0.0334676169817168,0.0061104853071503,1.62,0.0234298730881874,0.0106006323973653,6.0
1998-06-01,1.68,4.5,5.408636363636364,5.496363636363636,48.9,1.62,0.0234298730881874,0.0106006323973653,1.75,-0.0337794773741237,0.0046943833235705,7.0
1998-07-01,1.68,4.5,5.358181818181818,5.461363636363637,49.2,1.75,-0.0337794773741237,0.0046943833235705,1.62,-0.031936127744511,0.0075284089024881,8.0
1998-08-01,1.62,4.5,5.205238095238095,5.341904761904762,49.3,1.62,-0.031936127744511,0.0075284089024881,1.43,0.0519877675840979,0.0086290375178575,9.0
1998-09-01,1.49,4.6,4.710952380952381,4.806666666666667,48.7,1.43,0.0519877675840979,0.0086290375178575,1.49,-0.0256410256410256,0.0067433790446761,10.0
1998-10-01,1.49,4.5,4.121428571428571,4.529999999999999,48.7,1.49,-0.0256410256410256,0.0067433790446761,1.48,0.0119363395225463,0.0067345970971157,11.0
1998-11-01,1.55,4.4,4.525263157894737,4.827368421052632,48.2,1.48,0.0119363395225463,0.0067345970971157,1.61,-0.0219025825433147,0.005419286032177,12.0
1998-12-01,1.61,4.4,4.518636363636364,4.645,46.8,1.61,-0.0219025825433147,0.005419286032177,1.67,-0.0066979236436704,0.0063615292343545,1.0
1999-01-01,1.67,4.3,4.5142105263157895,4.722105263157895,50.6,1.67,-0.0066979236436704,0.0063615292343545,1.67,-0.0080133555926543,0.0055590458356052,2.0
1999-02-01,1.61,4.4,4.7026315789473685,4.998947368421053,51.7,1.67,-0.0080133555926543,0.0055590458356052,1.73,-0.0256150994270305,0.0063928850544804,3.0
1999-03-01,1.73,4.2,4.781304347826087,5.232608695652174,52.4,1.73,-0.0256150994270305,0.0063928850544804,2.28,0.0204011065006916,0.0045413088505786,4.0
1999-04-01,2.28,4.3,4.69,5.184545454545455,52.3,2.28,0.0204011065006916,0.0045413088505786,2.09,-0.0593421498813157,0.0074803766290623,5.0
1999-05-01,2.09,4.2,4.849,5.539499999999999,54.3,2.09,-0.0593421498813157,0.0074803766290623,1.97,-0.0243813682678311,0.005670035598731,6.0
1999-06-01,1.96,4.3,5.096818181818182,5.899545454545454,55.8,1.97,-0.0243813682678311,0.005670035598731,2.14,-0.0338289962825279,0.0071908814758859,7.0
1999-07-01,2.14,4.3,5.031904761904762,5.791904761904762,53.6,2.14,-0.0338289962825279,0.0071908814758859,2.26,-0.0027047913446676,0.0049057170079021,8.0
1999-08-01,2.26,4.2,5.197727272727272,5.9390909090909085,54.8,2.26,-0.0027047913446676,0.0049057170079021,2.63,0.1705033164260631,0.0240582899373762,9.0
1999-09-01,2.63,4.2,5.251428571428572,5.915238095238095,57.0,2.63,0.1705033164260631,0.0240582899373762,2.56,-0.0150523560209424,0.0171923639204066,10.0
1999-10-01,2.56,4.1,5.429,6.112,57.2,2.56,-0.0150523560209424,0.0171923639204066,2.62,-0.0027378507871321,0.0119689675840707,11.0
1999-11-01,2.62,4.1,5.5535,6.034,58.1,2.62,-0.0027378507871321,0.0119689675840707,2.68,-0.0062004822597313,0.0100466241958818,12.0
1999-12-01,2.68,4.0,5.842272727272728,6.275454545454545,57.8,2.68,-0.0062004822597313,0.0100466241958818,2.79,0.0017686593562079,0.0076893550218072,1.0
2000-01-01,2.74,4.0,6.1215,6.661,56.7,2.79,0.0017686593562079,0.0076893550218072,3.22,0.0350442477876105,0.0238128622656852,2.0
2000-02-01,3.22,4.1,6.218,6.519499999999999,55.8,3.22,0.0350442477876105,0.0238128622656852,3.76,-0.0449399656946827,0.0085721244119127,3.0
2000-03-01,3.76,4.0,6.222173913043479,6.256521739130435,54.9,3.76,-0.0449399656946827,0.0085721244119127,3.01,-0.0162103746397694,0.0075545419125925,4.0
2000-04-01,3.07,3.8,6.150526315789474,5.990526315789474,54.7,3.01,-0.0162103746397694,0.0075545419125925,3.13,-0.0054904831625183,0.0055906087612967,5.0
2000-05-01,3.19,4.0,6.326363636363637,6.440454545454545,53.2,3.13,-0.0054904831625183,0.0055906087612967,3.73,0.3526605504587157,0.0590464188806595,6.0
2000-06-01,3.73,4.0,6.172727272727273,6.097272727272728,51.4,3.73,0.3526605504587157,0.0590464188806595,3.6,-0.0208275479033601,0.0067734547897122,7.0
2000-07-01,3.66,4.0,6.0825000000000005,6.054,52.5,3.6,-0.0208275479033601,0.0067734547897122,3.35,-0.0116279069767442,0.00547108489974,8.0
2000-08-01,3.41,4.1,6.18304347826087,5.826086956521739,49.9,3.35,-0.0116279069767442,0.00547108489974,3.46,-0.035148372227024,0.0075386127796482,9.0
2000-09-01,3.45,3.9,6.125500000000001,5.799,49.7,3.46,-0.035148372227024,0.0075386127796482,3.45,-0.0400837571043973,0.0062550255269769,10.0
2000-10-01,3.45,3.9,6.012380952380952,5.738571428571428,48.7,3.45,-0.0400837571043973,0.0062550255269769,3.44,0.0171928727727414,0.0044202442887194,11.0
2000-11-01,3.45,3.9,6.091904761904762,5.717142857142857,48.5,3.44,0.0171928727727414,0.0044202442887194,3.44,-0.1555555555555554,0.0313176835609544,12.0
2000-12-01,3.39,3.9,5.6025,5.2405,43.9,3.44,-0.1555555555555554,0.0313176835609544,3.72,-0.0074074074074074,0.0058903865253007,1.0
2001-01-01,3.73,4.2,4.814761904761904,5.160952380952381,42.3,3.72,-0.0074074074074074,0.0058903865253007,3.53,-0.0107129663834502,0.0502699422484414,2.0
2001-02-01,3.53,4.2,4.684210526315789,5.098947368421053,42.1,3.53,-0.0107129663834502,0.0502699422484414,2.98,-0.0262960180315552,0.0374657006120664,3.0
2001-03-01,2.92,4.3,4.298636363636363,4.885454545454546,43.1,2.98,-0.0262960180315552,0.0374657006120664,3.22,0.030397505845674,0.0376997290808917,4.0
2001-04-01,3.27,4.4,3.9765,5.141,42.7,3.22,0.030397505845674,0.0376997290808917,3.56,0.007930513595166,0.0145762748852613,5.0
2001-05-01,3.62,4.3,3.781363636363636,5.391363636363637,41.3,3.56,0.007930513595166,0.0145762748852613,3.19,0.0123134328358209,0.0105835043169706,6.0
2001-06-01,3.25,4.5,3.576190476190476,5.284285714285714,43.2,3.19,0.0123134328358209,0.0105835043169706,2.72,-0.1061061061061061,0.0473877778922998,7.0
2001-07-01,2.72,4.6,3.617142857142857,5.236190476190477,43.5,2.72,-0.1061061061061061,0.0473877778922998,2.72,0.0226765799256506,0.028241500029217,8.0
2001-08-01,2.72,4.9,3.470434782608695,4.971304347826087,46.3,2.72,0.0226765799256506,0.028241500029217,2.59,0.0796915167095115,0.031511732109903,9.0
2001-09-01,2.65,5.0,2.824705882352941,4.731764705882353,46.2,2.59,0.0796915167095115,0.031511732109903,2.13,-0.0951612903225806,0.0281128744566274,10.0
2001-10-01,2.13,5.3,2.3304545454545456,4.566818181818181,40.8,2.13,-0.0951612903225806,0.0281128744566274,1.89,-0.0206626291414321,0.0227460999322721,11.0
2001-11-01,1.9,5.5,2.182,4.6515,44.1,1.89,-0.0206626291414321,0.0227460999322721,1.6,0.0035971223021582,0.0076686073196271,12.0
2001-12-01,1.55,5.7,2.2155,5.0875,45.3,1.6,0.0035971223021582,0.0076686073196271,1.2,0.0132521489971346,0.0073297781482594,1.0
2002-01-01,1.14,5.7,2.1585714285714284,5.035714285714286,47.5,1.2,0.0132521489971346,0.0073297781482594,1.14,0.0359135285913529,0.0233960285738369,2.0
2002-02-01,1.14,5.7,2.2326315789473683,4.911578947368421,50.7,1.14,0.0359135285913529,0.0233960285738369,1.36,0.0918230563002682,0.0179338934363626,3.0
2002-03-01,1.48,5.7,2.567,5.284000000000001,52.4,1.36,0.0918230563002682,0.0179338934363626,1.64,0.0164365548980933,0.0159411369724189,4.0
2002-04-01,1.64,5.9,2.475909090909091,5.210909090909091,52.4,1.64,0.0164365548980933,0.0159411369724189,1.24,0.0585003232062056,0.0188459733779392,5.0
2002-05-01,1.18,5.8,2.354090909090909,5.164545454545455,53.1,1.24,0.0585003232062056,0.0188459733779392,1.07,-0.0421116875190723,0.0091434387785438,6.0
2002-06-01,1.07,5.8,2.1965,4.9265,53.6,1.07,-0.0421116875190723,0.0091434387785438,1.47,-0.032442748091603,0.018915946519404,7.0
2002-07-01,1.46,5.8,1.960909090909091,4.653181818181818,50.2,1.47,-0.032442748091603,0.018915946519404,1.75,0.0255737704918033,0.010790374598796,8.0
2002-08-01,1.8,5.7,1.757272727272727,4.257272727272727,50.3,1.75,0.0255737704918033,0.010790374598796,1.52,0.0359987257088245,0.0069104180102338,9.0
2002-09-01,1.51,5.7,1.715,3.87,50.5,1.52,0.0359987257088245,0.0069104180102338,2.03,-0.0117939168218498,0.0068562197467785,10.0
2002-10-01,2.03,5.7,1.65,3.940909090909091,49.0,2.03,-0.0117939168218498,0.0068562197467785,2.25,-0.0043859649122806,0.0066642767962332,11.0
2002-11-01,2.2,5.9,1.4915789473684211,4.048421052631579,48.5,2.25,-0.0043859649122806,0.0066642767962332,2.48,0.0932496075353217,0.0090389225833326,12.0
2002-12-01,2.38,6.0,1.45,4.032380952380952,51.6,2.48,0.0932496075353217,0.0090389225833326,2.76,0.0652236652236653,0.0089931238881477,1.0
2003-01-01,2.6,5.8,1.3642857142857143,4.048571428571428,51.3,2.76,0.0652236652236653,0.0089931238881477,3.15,-0.0573196986006458,0.0150185996445836,2.0
2003-02-01,2.98,5.9,1.2963157894736843,3.9026315789473687,48.8,3.15,-0.0573196986006458,0.0150185996445836,3.03,-0.0354995705697109,0.0117721688873128,3.0
2003-03-01,3.02,5.9,1.24,3.8071428571428574,46.3,3.03,-0.0354995705697109,0.0117721688873128,2.18,0.0125298329355608,0.0091822211854473,4.0
2003-04-01,2.22,6.0,1.2671428571428571,3.958571428571428,46.1,2.18,0.0125298329355608,0.0091822211854473,1.89,0.0677570093457945,0.0096342273662499,5.0
2003-05-01,2.06,6.1,1.1814285714285713,3.5690476190476192,49.0,1.89,0.0677570093457945,0.0096342273662499,1.95,-0.0566603105420866,0.0120768892031272,6.0
2003-06-01,2.11,6.3,1.0095238095238095,3.334285714285714,49.0,1.95,-0.0566603105420866,0.0120768892031272,2.06,0.0093829968723344,0.009580369665443,7.0
2003-07-01,2.11,6.2,1.1163636363636364,3.975454545454546,51.0,2.06,0.0093829968723344,0.009580369665443,2.22,0.0829971181556196,0.0114623244279154,8.0
2003-08-01,2.16,6.1,1.3085714285714285,4.445238095238095,53.2,2.22,0.0829971181556196,0.0114623244279154,2.38,0.0342887757835521,0.0081293787888751,9.0
2003-09-01,2.32,6.1,1.2376190476190476,4.274285714285715,52.4,2.38,0.0342887757835521,0.0081293787888751,2.04,-0.0010389610389609,0.0118371934520345,10.0
2003-10-01,2.04,6.0,1.2540909090909091,4.290454545454545,55.2,2.04,-0.0010389610389609,0.0118371934520345,1.93,0.0554229647308405,0.0104556840542122,11.0
2003-11-01,1.77,5.8,1.336666666666667,4.300000000000001,58.4,1.93,0.0554229647308405,0.0104556840542122,2.04,0.0304606240713224,0.0054712719515389,12.0
2003-12-01,1.88,5.7,1.305909090909091,4.267727272727273,60.1,2.04,0.0304606240713224,0.0054712719515389,2.03,-0.0515536723163842,0.0143382165898209,1.0
2004-01-01,1.93,5.7,1.2395,4.1505,60.8,2.03,-0.0515536723163842,0.0143382165898209,1.69,-0.0062609566741798,0.0117757254882247,2.0
2004-02-01,1.69,5.6,1.2436842105263155,4.084210526315789,59.9,1.69,-0.0062609566741798,0.0117757254882247,1.74,0.0718218218218217,0.0095293999294178,3.0
2004-03-01,1.74,5.8,1.187391304347826,3.826521739130435,60.6,1.74,0.0718218218218217,0.0095293999294178,2.29,-0.0963152985074627,0.0125275351236573,4.0
2004-04-01,2.29,5.6,1.433809523809524,4.347619047619047,60.6,2.29,-0.0963152985074627,0.0125275351236573,2.9,0.0190967741935483,0.0109621922262919,5.0
2004-05-01,3.05,5.6,1.7775000000000003,4.7155000000000005,61.4,2.9,0.0190967741935483,0.0109621922262919,3.17,-0.0063211125158027,0.0102987368575241,6.0
2004-06-01,3.27,5.6,2.115238095238096,4.733809523809524,60.5,3.17,-0.0063211125158027,0.0102987368575241,2.94,-0.0100908173562058,0.010139974912867,7.0
2004-07-01,2.99,5.5,2.095238095238096,4.498095238095239,59.9,2.94,-0.0100908173562058,0.010139974912867,2.55,0.0452810989570082,0.0089710996911732,8.0
2004-08-01,2.65,5.4,2.015909090909091,4.281363636363636,58.5,2.55,0.0452810989570082,0.0089710996911732,2.54,0.0271194722697287,0.0070048504714313,9.0
2004-09-01,2.54,5.4,2.1166666666666667,4.125714285714285,57.4,2.54,0.0271194722697287,0.0070048504714313,3.19,0.0194681861348527,0.007858917622479,10.0
2004-10-01,3.19,5.5,2.228,4.097,56.3,3.19,0.0194681861348527,0.007858917622479,3.62,0.0583839327417094,0.0076291445142019,11.0
2004-11-01,3.52,5.4,2.5,4.194,56.2,3.62,0.0583839327417094,0.0076291445142019,3.34,0.1454266286466332,0.0442391280513793,12.0
2004-12-01,3.26,5.4,2.6704545454545454,4.2309090909090905,57.2,3.34,0.1454266286466332,0.0442391280513793,2.84,-0.0159688412852969,0.0067777834994365,1.0
2005-01-01,2.97,5.3,2.8605,4.221500000000001,56.8,2.84,-0.0159688412852969,0.0067777834994365,3.05,0.0452201507338358,0.0058881105488395,2.0
2005-02-01,3.01,5.4,3.0294736842105263,4.165263157894737,55.5,3.05,0.0452201507338358,0.0058881105488395,3.21,0.0003818980332249,0.0067561142892675,3.0
2005-03-01,3.15,5.2,3.302272727272728,4.497727272727273,55.2,3.21,0.0003818980332249,0.0067561142892675,3.36,0.001535213970447,0.005797417280168,4.0
2005-04-01,3.51,5.2,3.316666666666667,4.3409523809523805,52.2,3.36,0.001535213970447,0.005797417280168,2.87,-0.0424171993027309,0.004475661296003,5.0
2005-05-01,2.8,5.1,3.330952380952381,4.144285714285714,50.8,2.87,-0.0424171993027309,0.004475661296003,2.54,0.048026048026048,0.0056435053078713,6.0
2005-06-01,2.53,5.0,3.363181818181818,3.998181818181818,52.4,2.54,0.048026048026048,0.0056435053078713,3.07,0.0120173364854216,0.0060473711525142,7.0
2005-07-01,3.17,5.0,3.641,4.1775,52.8,3.07,0.0120173364854216,0.0060473711525142,3.65,-0.0036729170693987,0.0064002108997094,8.0
2005-08-01,3.64,4.9,3.8721739130434782,4.262608695652174,52.4,3.65,-0.0036729170693987,0.0064002108997094,4.74,0.0700172645309802,0.0063255224450538,9.0
2005-09-01,4.69,5.0,3.8452380952380953,4.199047619047619,56.8,4.74,0.0700172645309802,0.0063255224450538,4.35,0.0086408640864085,0.008291609192356,10.0
2005-10-01,4.35,5.0,4.1755,4.4635,57.2,4.35,0.0086408640864085,0.008291609192356,3.34,0.0729241877256317,0.0077544929752015,11.0
2005-11-01,3.46,5.0,4.334,4.535,56.7,3.34,0.0729241877256317,0.0077544929752015,3.34,0.0253479125248508,0.0112549991718915,12.0
2005-12-01,3.42,4.9,4.352857142857142,4.467142857142857,55.1,3.34,0.0253479125248508,0.0112549991718915,4.02,0.0798928458871729,0.0124935625384664,1.0
2006-01-01,3.99,4.7,4.445,4.416,55.0,4.02,0.0798928458871729,0.0124935625384664,3.64,-0.0162256979973688,0.0138793885502559,2.0
2006-02-01,3.6,4.8,4.684736842105264,4.568947368421052,55.8,3.64,-0.0162256979973688,0.0138793885502559,3.42,0.0360786633150969,0.009998876964794,3.0
2006-03-01,3.36,4.7,4.773478260869565,4.7239130434782615,54.3,3.42,0.0360786633150969,0.009998876964794,3.61,0.1087842586085734,0.0152465759591603,4.0
2006-04-01,3.55,4.7,4.897368421052631,4.990526315789474,55.2,3.61,0.1087842586085734,0.0152465759591603,3.98,-0.0236842105263157,0.0210279945022778,5.0
2006-05-01,4.17,4.6,4.995,5.11,53.7,3.98,-0.0236842105263157,0.0210279945022778,4.18,-0.0257420541108484,0.0226610325427019,6.0
2006-06-01,4.32,4.6,5.155,5.106363636363636,52.0,4.18,-0.0257420541108484,0.0226610325427019,4.1,-0.0022353714661407,0.0165451722350601,7.0
2006-07-01,4.15,4.7,5.217499999999999,5.0875,53.0,4.1,-0.0022353714661407,0.0165451722350601,3.93,-0.0419363189231167,0.011179497932859,8.0
2006-08-01,3.82,4.7,5.082608695652175,4.8765217391304345,53.7,3.93,-0.0419363189231167,0.011179497932859,2.01,-0.0475416497358796,0.0141449998623079,9.0
2006-09-01,2.06,4.5,4.9745,4.718999999999999,52.2,2.01,-0.0475416497358796,0.0141449998623079,1.41,0.0084093500570125,0.0147552310116297,10.0
2006-10-01,1.31,4.4,5.01,4.729047619047619,51.4,1.41,0.0084093500570125,0.0147552310116297,1.97,0.0447098028325464,0.0108837100615448,11.0
2006-11-01,1.97,4.5,5.010952380952381,4.595238095238095,50.3,1.97,0.0447098028325464,0.0108837100615448,2.52,-0.0150807420258907,0.0076203664883062,12.0
2006-12-01,2.54,4.4,4.9415,4.5645,51.4,2.52,-0.0150807420258907,0.0076203664883062,2.08,0.0383083893999726,0.0115442351064462,1.0
2007-01-01,2.08,4.6,5.057142857142857,4.7595238095238095,50.4,2.08,0.0383083893999726,0.0115442351064462,2.42,0.0059109418100617,0.0127154165067787,2.0
2007-02-01,2.42,4.5,5.053684210526316,4.722631578947369,54.1,2.42,0.0059109418100617,0.0127154165067787,2.8,-0.0017170783251883,0.0102636606008515,3.0
2007-03-01,2.78,4.4,4.920454545454546,4.564545454545455,52.8,2.8,-0.0017170783251883,0.0102636606008515,2.59,0.0181986021363577,0.0069914899297111,4.0
2007-04-01,2.57,4.5,4.932380952380952,4.6938095238095245,52.7,2.59,0.0181986021363577,0.0069914899297111,2.71,-0.0168429298864081,0.0093558452504978,5.0
2007-05-01,2.69,4.4,4.909090909090909,4.746363636363636,53.1,2.71,-0.0168429298864081,0.0093558452504978,2.69,-0.0376175548589342,0.0090764144950923,6.0
2007-06-01,2.69,4.6,4.962380952380952,5.102857142857142,54.0,2.69,-0.0376175548589342,0.0090764144950923,2.32,0.0071131391759494,0.0084627123431815,7.0
2007-07-01,2.36,4.7,4.964285714285714,5.004285714285714,51.8,2.32,0.0071131391759494,0.0084627123431815,1.9,0.0016070711128966,0.0108874358523717,8.0
2007-08-01,1.97,4.6,4.472173913043478,4.674782608695652,52.2,1.9,0.0016070711128966,0.0108874358523717,2.83,0.0808493801107886,0.0072662361127691,9.0
2007-09-01,2.76,4.7,4.136842105263158,4.521578947368421,53.8,2.83,0.0808493801107886,0.0072662361127691,3.61,0.050430355194569,0.0097734601888686,10.0
2007-10-01,3.54,4.7,4.096818181818182,4.527727272727272,52.8,3.61,0.050430355194569,0.0097734601888686,4.37,-0.024500173350283,0.0172586693543344,11.0
2007-11-01,4.31,4.7,3.499,4.1485,51.5,4.37,-0.024500173350283,0.0172586693543344,4.11,0.0555948174322733,0.0095855220805918,12.0
2007-12-01,4.08,5.0,3.2630000000000003,4.0975,50.1,4.11,0.0555948174322733,0.0095855220805918,4.29,0.0580152671755725,0.0126839596994883,1.0
2008-01-01,4.28,5.0,2.711428571428572,3.744285714285714,50.9,4.29,0.0580152671755725,0.0126839596994883,4.14,0.0628930817610062,0.0121494849261784,2.0
2008-02-01,4.03,4.9,2.0535,3.7375,48.8,4.14,0.0628930817610062,0.0121494849261784,3.97,-0.0678264268960125,0.0184213596714757,3.0
2008-03-01,3.98,5.1,1.544,3.51,49.7,3.97,-0.0678264268960125,0.0184213596714757,3.9,-0.0173875244512062,0.0153883779859245,4.0
2008-04-01,3.94,5.0,1.7381818181818185,3.675,48.5,3.9,-0.0173875244512062,0.0153883779859245,4.09,0.0459252588923908,0.0127878523503176,5.0
2008-05-01,4.18,5.4,2.0557142857142856,3.88,48.9,4.09,0.0459252588923908,0.0127878523503176,4.94,0.0383379738702078,0.0144546794954612,6.0
2008-06-01,5.02,5.6,2.4195238095238096,4.099523809523809,49.9,4.94,0.0383379738702078,0.0144546794954612,5.5,-0.0339618815896188,0.0126967754843591,7.0
2008-07-01,5.6,5.8,2.2818181818181817,4.007727272727273,50.8,5.5,-0.0339618815896188,0.0126967754843591,5.31,-0.0913410770855332,0.0169289656108905,8.0
2008-08-01,5.37,6.1,2.177142857142857,3.885714285714285,50.1,5.31,-0.0913410770855332,0.0169289656108905,4.95,0.0868679606997364,0.0317500246424979,9.0
2008-09-01,4.94,6.1,1.912857142857143,3.686190476190476,47.2,4.95,0.0868679606997364,0.0317500246424979,3.73,-0.1996497373029772,0.0244135351005927,10.0
2008-10-01,3.66,6.5,1.4204545454545454,3.814090909090909,38.2,3.73,-0.1996497373029772,0.0244135351005927,1.1,0.1191730847182812,0.0250872872870742,11.0
2008-11-01,1.07,6.8,1.0666666666666669,3.526666666666667,39.0,1.1,0.1191730847182812,0.0250872872870742,-0.02,0.1332908975175048,0.0214129437144728,12.0
2008-12-01,0.09,7.3,0.4945454545454545,2.4163636363636365,34.5,-0.02,0.1332908975175048,0.0214129437144728,-0.11,0.0568040654997176,0.021545619199776,1.0
2009-01-01,0.03,7.8,0.4445,2.5175,36.4,-0.11,0.0568040654997176,0.021545619199776,0.01,0.0389156099693922,0.0185493324526525,2.0
2009-02-01,0.24,8.3,0.6226315789473684,2.87,36.6,0.01,0.0389156099693922,0.0185493324526525,-0.45,-0.0187842971718025,0.0239179399744118,3.0
2009-03-01,-0.38,8.7,0.644090909090909,2.819545454545455,37.2,-0.45,-0.0187842971718025,0.0239179399744118,-0.58,-0.0409695409695409,0.0133123007338148,4.0
2009-04-01,-0.74,9.0,0.5476190476190477,2.927142857142857,39.9,-0.58,-0.0409695409695409,0.0133123007338148,-1.02,0.1029956243688994,0.0072941612117496,5.0
2009-05-01,-1.28,9.4,0.5015,3.293,44.1,-1.02,0.1029956243688994,0.0072941612117496,-1.23,-0.0535205535205534,0.010886038963967,6.0
2009-06-01,-1.43,9.5,0.5136363636363637,3.7218181818181817,46.3,-1.23,-0.0535205535205534,0.010886038963967,-1.96,0.0122855327261172,0.0107669026489722,7.0
2009-07-01,-2.1,9.5,0.4786363636363636,3.5622727272727275,49.7,-1.96,0.0122855327261172,0.0107669026489722,-1.48,-0.0055277430120984,0.0077913874469319,8.0
2009-08-01,-1.48,9.6,0.4590476190476191,3.587142857142857,53.4,-1.48,-0.0055277430120984,0.0077913874469319,-1.38,0.0552012545739675,0.009572879613365,9.0
2009-09-01,-1.29,9.8,0.4047619047619047,3.401904761904762,54.9,-1.38,0.0552012545739675,0.009572879613365,-0.22,0.0396722294393924,0.0093383880419202,10.0
2009-10-01,-0.18,10.0,0.3747619047619047,3.387619047619048,57.6,-0.22,0.0396722294393924,0.0093383880419202,1.91,0.1217267552182162,0.0095204360750767,11.0
2009-11-01,1.84,9.9,0.3131578947368421,3.4026315789473687,55.4,1.91,0.1217267552182162,0.0095204360750767,2.81,-0.0866522246292284,0.0135163910400569,12.0
2009-12-01,2.72,9.9,0.3713636363636363,3.5900000000000003,55.8,2.81,-0.0866522246292284,0.0135163910400569,2.62,-0.0315657694715192,0.0116014241430527,1.0
2010-01-01,2.63,9.8,0.3457894736842105,3.733157894736842,56.3,2.62,-0.0315657694715192,0.0116014241430527,2.15,0.0132210450058862,0.0153270898692059,2.0
2010-02-01,2.14,9.8,0.3457894736842105,3.691052631578947,55.5,2.15,0.0132210450058862,0.0153270898692059,2.29,-0.0033980148439595,0.0089824351574766,3.0
2010-03-01,2.31,9.9,0.3956521739130434,3.7273913043478255,58.8,2.29,-0.0033980148439595,0.0089824351574766,2.21,0.0484859248734571,0.0077472369769413,4.0
2010-04-01,2.24,9.9,0.4449999999999999,3.8468181818181817,58.1,2.21,0.0484859248734571,0.0077472369769413,2.0,0.0267894870278036,0.0112858462073455,5.0
2010-05-01,2.02,9.6,0.371,3.4200000000000004,57.4,2.0,0.0267894870278036,0.0112858462073455,1.12,0.015486184693129,0.0092489005555164,6.0
2010-06-01,1.05,9.4,0.3181818181818182,3.2040909090909087,56.5,1.12,0.015486184693129,0.0092489005555164,1.34,-0.0201375652606281,0.0111059378757579,7.0
2010-07-01,1.24,9.4,0.2914285714285714,3.011428571428572,56.1,1.34,-0.0201375652606281,0.0111059378757579,1.15,0.0548095600033781,0.0045675452313624,8.0
2010-08-01,1.15,9.5,0.2590909090909091,2.698636363636364,56.4,1.15,0.0548095600033781,0.0045675452313624,1.12,0.1862367661212705,0.0258342036575504,9.0
2010-09-01,1.14,9.5,0.2566666666666667,2.6476190476190475,55.3,1.12,0.1862367661212705,0.0258342036575504,1.17,0.0280269058295964,0.0237950381521598,10.0
2010-10-01,1.17,9.4,0.228,2.54,56.9,1.17,0.0280269058295964,0.0237950381521598,1.08,0.0297427652733117,0.0280217261410823,11.0
2010-11-01,1.14,9.8,0.252,2.763,57.3,1.08,0.0297427652733117,0.0280217261410823,1.44,0.0230267819186623,0.0082323919964371,12.0
2010-12-01,1.5,9.3,0.294090909090909,3.290909090909091,56.6,1.44,0.0230267819186623,0.0082323919964371,1.7,-0.0631659056316591,0.0107563663469967,1.0
2011-01-01,1.63,9.1,0.2734999999999999,3.394,59.1,1.7,-0.0631659056316591,0.0107563663469967,2.12,0.0361738107492096,0.0081938283707206,2.0
2011-02-01,2.11,9.0,0.2863157894736842,3.5763157894736843,59.2,2.12,0.0361738107492096,0.0081938283707206,2.62,0.007466814159292,0.0097184740991512,3.0
2011-03-01,2.68,9.0,0.2591304347826087,3.4143478260869564,58.4,2.62,0.007466814159292,0.0097184740991512,3.08,0.0833045281714483,0.0068846742082025,4.0
2011-04-01,3.16,9.1,0.2465,3.455,57.9,3.08,0.0833045281714483,0.0068846742082025,3.46,-0.0142246603304203,0.0092713134169781,5.0
2011-05-01,3.57,9.0,0.1880952380952381,3.168571428571429,54.8,3.46,-0.0142246603304203,0.0092713134169781,3.5,-0.025842624218599,0.0071579012906737,6.0
2011-06-01,3.56,9.1,0.1809090909090909,3.002272727272727,55.8,3.5,-0.025842624218599,0.0071579012906737,3.58,0.0921828908554572,0.0074505041395043,7.0
2011-07-01,3.63,9.0,0.185,3.003,52.9,3.58,0.0921828908554572,0.0074505041395043,3.75,0.1348397851453972,0.0194976390094399,8.0
2011-08-01,3.77,9.0,0.1147826086956521,2.3030434782608693,52.6,3.75,0.1348397851453972,0.0194976390094399,3.81,-0.1124972760950098,0.0235102553218415,9.0
2011-09-01,3.87,9.0,0.1047619047619047,1.975238095238095,53.7,3.81,-0.1124972760950098,0.0235102553218415,3.52,0.0406103568424847,0.0149476426466567,10.0
2011-10-01,3.53,8.8,0.1145,2.152,51.4,3.52,0.0406103568424847,0.0149476426466567,3.45,0.0224549156486328,0.0143481634970991,11.0
2011-11-01,3.39,8.6,0.112,2.0135,51.8,3.45,0.0224549156486328,0.0143481634970991,3.06,-0.0993476021517684,0.0146394554360922,12.0
2011-12-01,2.96,8.5,0.1152380952380952,1.978095238095238,53.0,3.06,-0.0993476021517684,0.0146394554360922,3.01,0.0858315710909317,0.0090743027294959,1.0
2012-01-01,2.93,8.3,0.1149999999999999,1.9665,54.2,3.01,0.0858315710909317,0.0090743027294959,2.9,-0.0217688625484385,0.012826531176686,2.0
2012-02-01,2.87,8.3,0.161,1.9675,53.3,2.9,-0.0217688625484385,0.012826531176686,2.58,-0.0308520490854364,0.0112112045209125,3.0
2012-03-01,2.65,8.2,0.1899999999999999,2.1727272727272724,53.5,2.58,-0.0308520490854364,0.0112112045209125,2.27,-0.009333016288194,0.0105599126229813,4.0
2012-04-01,2.3,8.2,0.1833333333333333,2.052857142857143,55.2,2.27,-0.009333016288194,0.0105599126229813,1.74,-0.0603712380609118,0.0109541108861196,5.0
2012-05-01,1.7,8.2,0.1918181818181818,1.8031818181818184,53.2,1.74,-0.0603712380609118,0.0109541108861196,1.65,-0.0110350779853275,0.0161644611580167,6.0
2012-06-01,1.66,8.2,0.189047619047619,1.6223809523809525,49.5,1.65,-0.0110350779853275,0.0161644611580167,1.42,0.0092007260436878,0.0092800314134665,7.0
2012-07-01,1.41,8.2,0.1857142857142857,1.5266666666666668,49.6,1.42,0.0092007260436878,0.0092800314134665,1.69,0.0499657342221668,0.0076447337835922,8.0
2012-08-01,1.69,8.1,0.1834782608695652,1.6782608695652177,49.0,1.69,0.0499657342221668,0.0076447337835922,1.95,0.0487128011336797,0.0082069788526167,9.0
2012-09-01,1.99,7.8,0.1757894736842105,1.7231578947368422,50.8,1.95,0.0487128011336797,0.0082069788526167,2.16,-0.0359563147577709,0.0060884324384083,10.0
2012-10-01,2.16,7.8,0.1795238095238095,1.7461904761904763,50.5,2.16,-0.0359563147577709,0.0060884324384083,1.8,-0.0029108691855388,0.009586601725111,11.0
2012-11-01,1.76,7.7,0.1785,1.654,48.0,1.8,-0.0029108691855388,0.009586601725111,1.76,-0.0263203765033989,0.0077364498587688,12.0
2012-12-01,1.74,7.9,0.1585,1.719,50.1,1.76,-0.0263203765033989,0.0077364498587688,1.68,-0.0158692562766461,0.0083461278065171,1.0
2013-01-01,1.59,8.0,0.1452380952380952,1.9147619047619049,53.3,1.68,-0.0158692562766461,0.0083461278065171,2.02,-0.0553693283850113,0.0085689611272519,2.0
2013-02-01,1.98,7.7,0.1573684210526316,1.9842105263157896,54.2,2.02,-0.0553693283850113,0.0085689611272519,1.52,0.0159638745786428,0.0043644502329318,3.0
2013-03-01,1.47,7.5,0.1475,1.9575,51.9,1.52,0.0159638745786428,0.0043644502329318,1.14,-0.0810557843504304,0.0249701687189061,4.0
2013-04-01,1.06,7.6,0.1245454545454545,1.7590909090909093,51.0,1.14,-0.0810557843504304,0.0249701687189061,1.39,-0.0373237489632291,0.0123903195272552,5.0
2013-05-01,1.36,7.5,0.1186363636363636,1.9281818181818184,50.8,1.39,-0.0373237489632291,0.0123903195272552,1.72,-0.1331633375832271,0.0185244210639371,6.0
2013-06-01,1.75,7.5,0.142,2.3,51.1,1.72,-0.1331633375832271,0.0185244210639371,1.89,0.0449876582530456,0.0144090682738965,7.0
2013-07-01,1.96,7.3,0.1218181818181818,2.5822727272727275,53.8,1.89,0.0449876582530456,0.0144090682738965,1.54,0.0650034332799267,0.0105333286021647,8.0
2013-08-01,1.52,7.2,0.1268181818181818,2.737272727272728,54.0,1.54,0.0650034332799267,0.0105333286021647,1.09,-0.0602068281626292,0.0167015423933914,9.0
2013-09-01,1.18,7.2,0.1185,2.8095,54.6,1.09,-0.0602068281626292,0.0167015423933914,0.88,0.0297068201259816,0.014359693080968,10.0
2013-10-01,0.96,7.2,0.1213636363636363,2.6159090909090907,54.6,0.88,0.0297068201259816,0.014359693080968,1.23,-0.0480359317904993,0.0078638168680416,11.0
2013-11-01,1.24,6.9,0.121578947368421,2.718421052631579,55.5,1.23,-0.0480359317904993,0.0078638168680416,1.51,-0.0166898470097356,0.0139076841855232,12.0
2013-12-01,1.5,6.7,0.1328571428571428,2.901904761904762,56.5,1.51,-0.0166898470097356,0.0139076841855232,1.56,0.0120816326530611,0.0093379400383119,1.0
2014-01-01,1.58,6.6,0.1161904761904761,2.8528571428571428,52.5,1.56,0.0120816326530611,0.0093379400383119,1.12,0.0488133978887213,0.0073655933808705,2.0
2014-02-01,1.13,6.7,0.1168421052631578,2.709473684210526,55.0,1.12,0.0488133978887213,0.0073655933808705,1.61,-0.0491815421079919,0.0097803849646874,3.0
2014-03-01,1.51,6.7,0.1280952380952381,2.723333333333333,55.9,1.61,-0.0491815421079919,0.0097803849646874,2.02,0.0122665833268222,0.0077554847478087,4.0
2014-04-01,1.95,6.2,0.1076190476190476,2.705238095238095,56.6,2.02,0.0122665833268222,0.0077554847478087,2.17,-0.0265142679418396,0.0078836563547112,5.0
2014-05-01,2.13,6.3,0.0966666666666666,2.559047619047619,55.7,2.17,-0.0265142679418396,0.0078836563547112,2.06,0.0606351491880651,0.0074911538891384,6.0
2014-06-01,2.07,6.1,0.1047619047619047,2.5985714285714288,55.0,2.06,0.0606351491880651,0.0074911538891384,1.97,-0.0366779406238255,0.008260647304446,7.0
2014-07-01,1.99,6.2,0.1113636363636363,2.5422727272727275,55.1,1.97,-0.0366779406238255,0.008260647304446,1.72,-0.0019321431331633,0.0060410256544915,8.0
2014-08-01,1.7,6.1,0.1071428571428571,2.42,56.3,1.72,-0.0019321431331633,0.0060410256544915,1.68,-0.0401134841201041,0.0053358676892323,9.0
2014-09-01,1.66,5.9,0.1095238095238095,2.5342857142857143,55.7,1.68,-0.0401134841201041,0.0053358676892323,1.61,-0.038304141430676,0.0097583129653353,10.0
2014-10-01,1.66,5.7,0.1045454545454545,2.304090909090909,56.2,1.61,-0.038304141430676,0.0097583129653353,1.23,0.0035802574375586,0.0105167346832759,11.0
2014-11-01,1.32,5.8,0.1344444444444444,2.325555555555556,56.3,1.23,0.0035802574375586,0.0105167346832759,0.65,-0.027700376987379,0.0141165492304152,12.0
2014-12-01,0.76,5.6,0.2145454545454545,2.2072727272727275,55.7,0.65,-0.027700376987379,0.0141165492304152,-0.23,0.0779002271388911,0.0114068394461306,1.0
2015-01-01,-0.09,5.7,0.1955,1.8815,53.9,-0.23,0.0779002271388911,0.0114068394461306,-0.09,-0.0498006410757562,0.0080375822288045,2.0
2015-02-01,-0.03,5.5,0.2244444444444444,1.973888888888889,53.0,-0.09,-0.0498006410757562,0.0080375822288045,-0.02,-0.0212291425739301,0.0085658570453855,3.0
2015-03-01,-0.07,5.4,0.2536363636363636,2.0427272727272725,52.1,-0.02,-0.0212291425739301,0.0085658570453855,-0.1,-0.0223158938755269,0.0119608917874516,4.0
2015-04-01,-0.2,5.4,0.2336363636363636,1.935,51.9,-0.1,-0.0223158938755269,0.0119608917874516,0.04,0.0124255319148935,0.0084983954309941,5.0
2015-05-01,-0.04,5.6,0.241,2.1975,52.9,0.04,0.0124255319148935,0.0084983954309941,0.18,-0.0142208010770785,0.0093382395404281,6.0
2015-06-01,0.12,5.3,0.2754545454545454,2.363636363636364,52.5,0.18,-0.0142208010770785,0.0093382395404281,0.23,-0.0634730538922156,0.0078948328536136,7.0
2015-07-01,0.17,5.2,0.2968181818181818,2.3245454545454547,52.0,0.23,-0.0634730538922156,0.0078948328536136,0.24,0.0488431876606684,0.0091849483576675,8.0
2015-08-01,0.2,5.1,0.3757142857142857,2.1671428571428573,50.2,0.24,0.0488431876606684,0.0091849483576675,0.01,-0.0234075878872259,0.0096564769393708,9.0
2015-09-01,-0.04,5.0,0.3733333333333333,2.172857142857143,50.1,0.01,-0.0234075878872259,0.0096564769393708,0.13,0.0242683797287652,0.0089445267680873,10.0
2015-10-01,0.17,5.0,0.2633333333333333,2.07,49.1,0.13,0.0242683797287652,0.0089445267680873,0.44,-0.0611709110002626,0.0075283006513208,11.0
2015-11-01,0.5,5.1,0.4768421052631579,2.263157894736842,49.1,0.44,-0.0611709110002626,0.0075283006513208,0.64,-0.003361658418153,0.0105106259368044,12.0
2015-12-01,0.73,5.0,0.6536363636363637,2.2427272727272727,48.7,0.64,-0.003361658418153,0.0105106259368044,1.24,0.0316946959896506,0.0093196016265218,1.0
2016-01-01,1.37,4.8,0.5431578947368422,2.0852631578947367,47.6,1.24,0.0316946959896506,0.0093196016265218,0.85,0.0985815602836879,0.0161468094633881,2.0
2016-02-01,1.02,4.9,0.534,1.7795,49.2,0.85,0.0985815602836879,0.0161468094633881,0.89,0.0051788315261369,0.0109307464632658,3.0
2016-03-01,0.85,5.0,0.6563636363636364,1.8890909090909087,51.0,0.89,0.0051788315261369,0.0109307464632658,1.17,0.0567433541988457,0.009891883872689,4.0
2016-04-01,1.13,5.1,0.5557142857142857,1.805238095238095,51.3,1.17,0.0567433541988457,0.009891883872689,1.08,-0.0595848969901202,0.0086956744816489,5.0
2016-05-01,1.02,4.8,0.5914285714285714,1.806190476190476,51.4,1.08,-0.0595848969901202,0.0086956744816489,1.08,0.0879040156709109,0.0123539073116275,6.0
2016-06-01,1.0,4.9,0.5522727272727272,1.6440909090909093,52.2,1.08,0.0879040156709109,0.0123539073116275,0.87,-0.0010357327809425,0.0086329080009851,7.0
2016-07-01,0.83,4.8,0.5135,1.504,52.7,0.87,-0.0010357327809425,0.0086329080009851,1.06,-0.0263157894736841,0.0054850207567587,8.0
2016-08-01,1.06,4.9,0.5682608695652174,1.556521739130435,49.8,1.06,-0.0263157894736841,0.0054850207567587,1.55,0.000982689545695,0.0074576497779676,9.0
2016-09-01,1.46,5.0,0.5933333333333333,1.6304761904761906,51.1,1.55,0.000982689545695,0.0074576497779676,1.69,-0.0298552701371524,0.0086181655447934,10.0
2016-10-01,1.64,4.9,0.6595000000000001,1.7645,51.8,1.69,-0.0298552701371524,0.0086181655447934,1.68,-0.0714892302941402,0.0111127444661279,11.0
2016-11-01,1.69,4.7,0.736,2.1420000000000003,53.2,1.68,-0.0714892302941402,0.0111127444661279,2.05,-0.0120210368144253,0.008343625002627,12.0
2016-12-01,2.07,4.7,0.8661904761904763,2.491904761904762,54.4,2.05,-0.0120210368144253,0.008343625002627,2.51,0.0400618982118293,0.0086546816310307,1.0
2017-01-01,2.5,4.7,0.8254999999999999,2.4325,55.7,2.51,0.0400618982118293,0.0086546816310307,2.81,0.0378656060982681,0.0056149392326513,2.0
2017-02-01,2.74,4.6,0.8205263157894737,2.4189473684210525,57.7,2.81,0.0378656060982681,0.0056149392326513,2.44,0.0004804227720393,0.0067097755867418,3.0
2017-03-01,2.38,4.4,1.0104347826086957,2.4817391304347827,56.5,2.44,0.0004804227720393,0.0067097755867418,2.18,0.0110197237083765,0.006196214237348,4.0
2017-04-01,2.2,4.4,1.0421052631578949,2.2973684210526315,55.8,2.18,0.0110197237083765,0.006196214237348,1.86,0.0161972392882789,0.0073671975928499,5.0
2017-05-01,1.87,4.4,1.1227272727272728,2.303636363636364,56.4,1.86,0.0161972392882789,0.0073671975928499,1.64,-0.001340376882441,0.0075329686591585,6.0
2017-06-01,1.63,4.3,1.200909090909091,2.186818181818182,56.2,1.64,-0.001340376882441,0.0075329686591585,1.73,0.0204262163248894,0.0115275594241388,7.0
2017-07-01,1.73,4.3,1.2235,2.318,56.5,1.73,0.0204262163248894,0.0115275594241388,1.93,0.0505803011292346,0.0061294994429503,8.0
2017-08-01,1.94,4.4,1.2291304347826086,2.2091304347826086,58.4,1.93,0.0505803011292346,0.0061294994429503,2.18,-0.0157235036712898,0.0085816037699474,9.0
2017-09-01,2.23,4.3,1.28,2.202,60.0,2.18,-0.0157235036712898,0.0085816037699474,2.02,-0.0047785194174758,0.0053219588408237,10.0
2017-10-01,2.04,4.2,1.3976190476190475,2.3600000000000003,58.6,2.02,-0.0047785194174758,0.0053219588408237,2.17,-0.0034396497811132,0.0092317477586933,11.0
2017-11-01,2.2,4.2,1.5599999999999998,2.353333333333333,57.6,2.17,-0.0034396497811132,0.0092317477586933,2.13,0.0243711920012498,0.0056869759853285,12.0
2017-12-01,2.11,4.1,1.7005,2.4025,59.7,2.13,0.0243711920012498,0.0056869759853285,2.15,0.0167640142607905,0.0058024061717144,1.0
2018-01-01,2.07,4.0,1.802857142857143,2.583809523809524,59.4,2.15,0.0167640142607905,0.0058024061717144,2.26,-0.0219330855018587,0.0081628075132253,2.0
2018-02-01,2.21,4.1,1.963684210526316,2.8589473684210525,60.9,2.26,-0.0219330855018587,0.0081628075132253,2.33,0.0164248983037837,0.00784573753328,3.0
2018-03-01,2.36,4.0,2.0628571428571427,2.842380952380952,58.8,2.33,0.0164248983037837,0.00784573753328,2.47,-0.0160726244512241,0.0075311701263291,4.0
2018-04-01,2.46,4.0,2.153809523809524,2.869047619047619,58.6,2.47,-0.0160726244512241,0.0075311701263291,2.78,-0.0055729444995802,0.0060761041306808,5.0
2018-05-01,2.8,3.8,2.2736363636363635,2.977727272727273,59.0,2.78,-0.0055729444995802,0.0060761041306808,2.81,-0.0353095366587001,0.0056657174656558,6.0
2018-06-01,2.87,4.0,2.328095238095238,2.9123809523809525,59.9,2.81,-0.0353095366587001,0.0056657174656558,2.85,-0.0108081948701402,0.005306557379929,7.0
2018-07-01,2.95,3.8,2.387619047619048,2.889047619047619,58.1,2.85,-0.0108081948701402,0.005306557379929,2.64,-0.016389412439564,0.0067340187016041,8.0
2018-08-01,2.7,3.8,2.4456521739130435,2.889130434782609,60.5,2.64,-0.016389412439564,0.0067340187016041,2.33,0.0010061205667812,0.0052040205482047,9.0
2018-09-01,2.28,3.7,2.557894736842105,3.004210526315789,59.3,2.33,0.0010061205667812,0.0052040205482047,2.49,0.0192534050781905,0.0083979969628566,10.0
2018-10-01,2.52,3.8,2.651818181818182,3.152272727272727,58.1,2.49,0.0192534050781905,0.0083979969628566,2.15,-0.0100323624595469,0.0134289046992887,11.0
2018-11-01,2.18,3.8,2.6985,3.117,58.6,2.15,-0.0100323624595469,0.0134289046992887,2.0,0.0334707737084645,0.0052433031076476,12.0
2018-12-01,1.91,3.9,2.655263157894737,2.8326315789473684,54.9,2.0,0.0334707737084645,0.0052433031076476,1.49,0.0322404371584699,0.0093666794214855,1.0
2019-01-01,1.55,4.0,2.5795238095238098,2.713809523809524,55.7,1.49,0.0322404371584699,0.0093666794214855,1.52,-0.0047818730228794,0.0158186302407889,2.0
2019-02-01,1.52,3.8,2.5505263157894738,2.6763157894736844,54.4,1.52,-0.0047818730228794,0.0158186302407889,1.88,-0.0058391974846533,0.0072455104784795,3.0
2019-03-01,1.86,3.8,2.4909523809523813,2.570952380952381,54.9,1.88,-0.0058391974846533,0.0072455104784795,2.0,-0.0064964496147453,0.0053078318770341,4.0
2019-04-01,2.0,3.7,2.4247619047619047,2.532380952380952,53.6,2.0,-0.0064964496147453,0.0053078318770341,1.8,0.014614096513929,0.0059678735937612,5.0
2019-05-01,1.79,3.6,2.3404545454545453,2.395,52.6,1.8,0.014614096513929,0.0059678735937612,1.67,0.0630884424345762,0.0089642587694353,6.0
2019-06-01,1.65,3.6,1.995,2.074,51.5,1.67,0.0630884424345762,0.0089642587694353,1.83,0.0275866959790086,0.0070128683421851,7.0
2019-07-01,1.81,3.7,1.962272727272728,2.059090909090909,51.0,1.83,0.0275866959790086,0.0070128683421851,1.74,0.067396273464016,0.008998855353338,8.0
2019-08-01,1.75,3.6,1.7722727272727274,1.6263636363636365,48.5,1.74,0.067396273464016,0.008998855353338,1.68,-0.0525677830940989,0.0103115957390346,9.0
2019-09-01,1.71,3.5,1.796,1.6995,48.1,1.68,-0.0525677830940989,0.0103115957390346,1.73,0.0173229395695915,0.0065096493987922,10.0
2019-10-01,1.76,3.6,1.6081818181818184,1.7068181818181818,48.1,1.73,0.0173229395695915,0.0065096493987922,2.09,-0.0299271510139792,0.0070408888086437,11.0
2019-11-01,2.05,3.6,1.5678947368421057,1.8121052631578949,48.1,2.09,-0.0299271510139792,0.0070408888086437,2.32,0.0304489353044894,0.0051267595780908,12.0
2019-12-01,2.29,3.6,1.549047619047619,1.8628571428571428,47.9,2.32,0.0304489353044894,0.0051267595780908,2.51,0.0349344978165939,0.0062254527252107,1.0
2020-01-01,2.49,3.6,1.5328571428571427,1.757619047619048,51.4,2.51,0.0349344978165939,0.0062254527252107,2.34,-0.0099216380182002,0.0141392565384146,2.0
2020-02-01,2.33,3.5,1.4057894736842105,1.5042105263157897,50.1,2.34,-0.0099216380182002,0.0141392565384146,1.52,0.0011286681715575,0.0268935281639203,3.0
2020-03-01,1.54,4.4,0.3318181818181818,0.87,49.0,1.52,0.0011286681715575,0.0268935281639203,0.35,0.0686687189797072,0.0161495798352449,4.0
2020-04-01,0.33,14.8,0.1842857142857143,0.6576190476190477,41.8,0.35,0.0686687189797072,0.0161495798352449,0.22,0.0260660731021555,0.0105853499575183,5.0
2020-05-01,0.12,13.2,0.1615,0.674,43.5,0.22,0.0260660731021555,0.0105853499575183,0.7,0.0286807975775581,0.0100021683828865,6.0
2020-06-01,0.65,11.0,0.1763636363636363,0.7286363636363636,52.6,0.7,0.0286807975775581,0.0100021683828865,1.02,0.108994887353222,0.0073715722499707,7.0
2020-07-01,0.99,10.2,0.1454545454545454,0.6236363636363637,53.8,1.02,0.108994887353222,0.0073715722499707,1.3,-0.0021269053527118,0.0164241145221373,8.0
2020-08-01,1.31,8.4,0.1304761904761905,0.65,55.4,1.3,-0.0021269053527118,0.0164241145221373,1.37,-0.0422670996549624,0.0099155950237413,9.0
2020-09-01,1.37,7.8,0.1276190476190476,0.6795238095238095,55.5,1.37,-0.0422670996549624,0.0099155950237413,1.2,-0.0162439740096415,0.0085824662785831,10.0
2020-10-01,1.18,6.8,0.1266666666666666,0.7871428571428571,58.7,1.2,-0.0162439740096415,0.0085824662785831,1.17,-0.0579242488362251,0.015464971896625,11.0
2020-11-01,1.17,6.7,0.1173684210526315,0.8700000000000001,57.3,1.17,-0.0579242488362251,0.015464971896625,1.3,0.0418934520864257,0.0086270950761162,12.0
2020-12-01,1.36,6.7,0.1004545454545454,0.9336363636363636,60.2,1.3,0.0418934520864257,0.0086270950761162,1.4,-0.0494708722901469,0.0139874165208389,1.0
2021-01-01,1.4,6.4,0.1005263157894736,1.0810526315789473,59.2,1.4,-0.0494708722901469,0.0139874165208389,1.67,-0.0724824293148774,0.01201760281699,2.0
2021-02-01,1.68,6.2,0.0726315789473684,1.2578947368421052,60.7,1.67,-0.0724824293148774,0.01201760281699,2.62,-0.00429483459083,0.0090748768254817,3.0
2021-03-01,2.62,6.1,0.0756521739130434,1.6108695652173912,64.0,2.62,-0.00429483459083,0.0090748768254817,4.15,0.0227377921777366,0.0068529028000573,4.0
2021-04-01,4.16,6.1,0.0609090909090909,1.635,60.9,4.15,0.0227377921777366,0.0068529028000573,4.93,0.0633441232280388,0.0069762981301986,5.0
2021-05-01,4.99,5.8,0.0505,1.621,61.7,4.93,0.0633441232280388,0.0069762981301986,5.32,-0.0700262467191601,0.0130304149119596,6.0
2021-06-01,5.39,5.9,0.0668181818181818,1.5190909090909093,61.4,5.32,-0.0700262467191601,0.0130304149119596,5.26,0.0212179198559207,0.0059954323117537,7.0
2021-07-01,5.37,5.4,0.0757142857142857,1.3185714285714287,60.0,5.26,0.0212179198559207,0.0059954323117537,5.18,-0.0021980437410704,0.0098984579494087,8.0
2021-08-01,5.25,5.1,0.0736363636363636,1.2831818181818182,59.6,5.18,-0.0021980437410704,0.0098984579494087,5.36,-0.0313154702833829,0.0099318780921183,9.0
2021-09-01,5.39,4.7,0.0771428571428571,1.3747619047619049,60.5,5.36,-0.0313154702833829,0.0099318780921183,6.22,0.0145018198362147,0.0073228292266801,10.0
2021-10-01,6.22,4.5,0.1129999999999999,1.5825,60.5,6.22,0.0145018198362147,0.0073228292266801,6.86,-0.0107472992538144,0.0096826120077083,11.0
2021-11-01,6.81,4.1,0.179,1.5595,60.7,6.86,-0.0107472992538144,0.0096826120077083,7.18,0.0248276635094994,0.0070300877857275,12.0
2021-12-01,7.04,3.9,0.2990909090909091,1.465,58.3,7.18,0.0248276635094994,0.0070300877857275,7.57,-0.0020554413643685,0.0098722094384068,1.0
2022-01-01,7.48,4.0,0.5495,1.764,57.4,7.57,-0.0020554413643685,0.0098722094384068,7.95,0.0550652234249237,0.0078910167856612,2.0
2022-02-01,7.87,3.8,1.0042105263157894,1.9342105263157887,58.3,7.95,0.0550652234249237,0.0078910167856612,8.55,0.0052474534417121,0.0135145746767075,3.0
2022-03-01,8.54,3.6,1.335217391304348,2.1278260869565218,57.3,8.55,0.0052474534417121,0.0135145746767075,8.25,-0.006237978894838,0.0088093826507429,4.0
2022-04-01,8.26,3.7,1.887,2.7475,55.6,8.25,-0.006237978894838,0.0088093826507429,8.53,-0.0081562567074478,0.0092672762529287,5.0
2022-05-01,8.58,3.6,2.0595238095238093,2.8976190476190475,56.1,8.53,-0.0081562567074478,0.0092672762529287,8.99,-0.0223941147833613,0.0085952222906637,6.0
2022-06-01,9.06,3.6,2.6514285714285712,3.143333333333333,53.4,8.99,-0.0223941147833613,0.0085952222906637,8.45,-0.0166527893422148,0.009571817711643,7.0
2022-07-01,8.52,3.5,3.0195,2.896,52.8,8.45,-0.0166527893422148,0.009571817711643,8.22,-0.0341471647164715,0.0074970114383043,8.0
2022-08-01,8.26,3.6,3.275217391304348,2.8978260869565218,52.8,8.22,-0.0341471647164715,0.0074970114383043,8.2,-0.0162391150859025,0.0102143865396249,9.0
2022-09-01,8.2,3.5,3.891904761904762,3.5190476190476194,50.8,8.2,-0.0162391150859025,0.0102143865396249,7.75,-0.0360164512338425,0.0101281725001113,10.0
2022-10-01,7.75,3.6,4.4275,3.9835,50.0,7.75,-0.0360164512338425,0.0101281725001113,7.12,0.0668000242468327,0.010033018168891,11.0
2022-11-01,7.11,3.6,4.728,3.891,48.9,7.12,0.0668000242468327,0.010033018168891,6.41,0.00605993829881,0.0117650465898798,12.0
2022-12-01,6.45,3.5,4.681904761904762,3.616190476190476,48.1,6.41,0.00605993829881,0.0117650465898798,6.36,0.0537349006012675,0.0067629735875787,1.0
2023-01-01,6.41,3.4,4.694,3.5315,47.4,6.36,0.0537349006012675,0.0067629735875787,5.97,-0.0546119003500102,0.0076690916851206,2.0
2023-02-01,6.04,3.6,4.925263157894737,3.7468421052631578,47.7,5.97,-0.0546119003500102,0.0076690916851206,4.94,0.0762978216104909,0.0127946079541754,3.0
2023-03-01,4.98,3.5,4.679130434782609,3.6630434782608696,46.5,4.94,0.0762978216104909,0.0127946079541754,4.94,-0.0006498700259948,0.009405227627932,4.0
2023-04-01,4.93,3.4,4.681,3.46,47.0,4.94,-0.0006498700259948,0.009405227627932,4.12,-0.0050697721112338,0.0085726503357104,5.0
2023-05-01,4.05,3.7,4.912727272727273,3.573636363636364,46.6,4.12,-0.0050697721112338,0.0085726503357104,3.05,-0.033124530192934,0.0065679701762644,6.0
2023-06-01,2.97,3.6,5.241428571428571,3.7480952380952384,46.4,3.05,-0.033124530192934,0.0065679701762644,3.27,0.0309924850997667,0.0070608340240129,7.0
2023-07-01,3.18,3.5,5.37,3.8995,46.5,3.27,0.0309924850997667,0.0070608340240129,3.72,-0.0062270314414046,0.0066336086426852,8.0
2023-08-01,3.67,3.8,5.3673913043478265,4.167826086956522,47.6,3.72,-0.0062270314414046,0.0066336086426852,3.69,-0.0422397864914802,0.0054513874354373,9.0
2023-09-01,3.7,3.8,5.436,4.379,48.6,3.69,-0.0422397864914802,0.0054513874354373,3.25,0.0796340407102641,0.0087065706733408,10.0
2023-10-01,3.24,3.8,5.424761904761905,4.798095238095239,46.9,3.25,0.0796340407102641,0.0087065706733408,3.14,0.035069182389937,0.0085760289873788,11.0
2023-11-01,3.14,3.7,5.281428571428571,4.502857142857143,46.6,3.14,0.035069182389937,0.0085760289873788,3.32,-0.0085658228453843,0.0103788765885237,12.0
2023-12-01,3.35,3.7,4.9590000000000005,4.0200000000000005,47.1,3.32,-0.0085658228453843,0.0103788765885237,3.11,-0.0028937976270859,0.0077112749260692,1.0
2024-01-01,3.09,3.7,4.79047619047619,4.058095238095238,49.1,3.11,-0.0028937976270859,0.0077112749260692,3.17,-0.0079184974168316,0.0055418797965344,2.0
2024-02-01,3.15,3.9,4.9225,4.2075000000000005,47.8,3.17,-0.0079184974168316,0.0055418797965344,3.48,0.0680918070334495,0.0084582852820852,3.0
2024-03-01,3.48,3.8,4.9925,4.2085,50.3,3.48,0.0680918070334495,0.0084582852820852,3.36,0.0202915245226176,0.0106819748041437,4.0
2024-04-01,3.36,3.9,5.135,4.539090909090909,49.2,3.36,0.0202915245226176,0.0106819748041437,3.25,0.015058416270013,0.0098481572353239,5.0
2024-05-01,3.27,4.0,5.159545454545455,4.482272727272727,48.7,3.25,0.015058416270013,0.0098481572353239,2.98,-0.0125353479930782,0.01155878931571,6.0
2024-06-01,2.97,4.1,5.110526315789474,4.3052631578947365,48.5,2.98,-0.0125353479930782,0.01155878931571,2.92,0.0472016760015392,0.0120050201774141,7.0
2024-07-01,2.89,4.3,4.897272727272727,4.248636363636364,46.8,2.92,0.0472016760015392,0.0120050201774141,2.59,0.0192910341459444,0.0082698343849602,8.0
2024-07-01,2.89,4.2,4.897272727272727,4.248636363636364,46.8,2.92,0.0472016760015392,0.0120050201774141,2.59,0.0192910341459444,0.0082698343849602,8.0
2024-08-01,2.53,4.2,4.426363636363636,3.87090909090909,47.2,2.59,0.0192910341459444,0.0082698343849602,2.41,0.0638876665199825,0.006947017240852,9.0
2024-09-01,2.44,4.1,4.0280000000000005,3.7235,47.2,2.41,0.0638876665199825,0.006947017240852,2.58,0.021930639705609,0.0080524921522685,10.0
2024-10-01,2.6,4.1,4.2,4.095454545454545,46.5,2.58,0.021930639705609,0.0080524921522685,2.73,-0.024807216644842,0.0141693896023209,11.0
2024-11-01,2.75,4.2,4.333157894736842,4.35578947368421,48.4,2.73,-0.024807216644842,0.0141693896023209,2.9,-0.0065826593943953,0.0097104371477082,12.0
2024-12-01,2.89,4.1,4.233809523809524,4.391428571428572,49.2,2.9,-0.0065826593943953,0.0097104371477082,2.96,0.06219557886849,0.0084329956707773,1.0
2025-01-01,3.0,4.0,4.1847619047619045,4.629047619047618,50.9,2.96,0.06219557886849,0.0084329956707773,2.85,-0.0030100451506772,0.0097629341501137,2.0

